kmsg.timestamp:last,4934.963682
softirqs.CPU0.HI,3
softirqs.HI,3
softirqs.CPU0.TIMER,185201
softirqs.CPU1.TIMER,172909
softirqs.CPU2.TIMER,186966
softirqs.CPU3.TIMER,176134
softirqs.TIMER,721210
softirqs.CPU0.NET_TX,2
softirqs.CPU1.NET_TX,1
softirqs.CPU2.NET_TX,2
softirqs.CPU3.NET_TX,1005
softirqs.NET_TX,1010
softirqs.CPU0.NET_RX,168
softirqs.CPU1.NET_RX,523
softirqs.CPU2.NET_RX,96
softirqs.CPU3.NET_RX,132145
softirqs.NET_RX,132932
softirqs.CPU0.BLOCK,365460
softirqs.CPU1.BLOCK,339665
softirqs.CPU2.BLOCK,267271
softirqs.CPU3.BLOCK,314822
softirqs.BLOCK,1287218
softirqs.CPU0.TASKLET,8
softirqs.CPU1.TASKLET,13
softirqs.CPU2.TASKLET,24
softirqs.CPU3.TASKLET,897
softirqs.TASKLET,942
softirqs.CPU0.SCHED,131595
softirqs.CPU1.SCHED,114208
softirqs.CPU2.SCHED,124201
softirqs.CPU3.SCHED,118840
softirqs.SCHED,488844
softirqs.CPU3.HRTIMER,2687
softirqs.HRTIMER,2687
softirqs.CPU0.RCU,229477
softirqs.CPU1.RCU,244233
softirqs.CPU2.RCU,291039
softirqs.CPU3.RCU,248699
softirqs.RCU,1013449
sched_debug.ktime,5025055.52393525
sched_debug.sched_clk,5025078.4077035
sched_debug.cpu_clk,5025059.61147225
sched_debug.jiffies,4296148489
sched_debug.sched_clock_stable(),1
sched_debug.sysctl_sched.sysctl_sched_latency,18.0
sched_debug.sysctl_sched.sysctl_sched_min_granularity,2.25
sched_debug.sysctl_sched.sysctl_sched_wakeup_granularity,3.0
sched_debug.sysctl_sched.sysctl_sched_features,4118075
sched_debug.sysctl_sched.sysctl_sched_tunable_scaling,1
sched_debug.cpu.nr_running.0,0
sched_debug.cpu.load.0,79693
sched_debug.cpu.nr_switches.0,1330080
sched_debug.cpu.nr_load_updates.0,258604
sched_debug.cpu.nr_uninterruptible.0,1
sched_debug.cpu.next_balance.0,4296.148488
sched_debug.cpu.curr->pid.0,3525
sched_debug.cpu.clock.0,5025059.89162275
sched_debug.cpu.clock_task.0,5025059.89162275
sched_debug.cpu.cpu_load[0].0,18
sched_debug.cpu.cpu_load[1].0,121
sched_debug.cpu.cpu_load[2].0,135
sched_debug.cpu.cpu_load[3].0,122
sched_debug.cpu.cpu_load[4].0,95
sched_debug.cpu.avg_idle.0,926414
sched_debug.cpu.max_idle_balance_cost.0,500000
sched_debug.cfs_rq:/.MIN_vruntime.0,1.0e-06
sched_debug.cfs_rq:/.min_vruntime.0,200828.22134825
sched_debug.cfs_rq:/.max_vruntime.0,1.0e-06
sched_debug.cfs_rq:/.nr_running.0,0
sched_debug.cfs_rq:/.load.0,79693
sched_debug.cfs_rq:/.runnable_weight.0,9066
sched_debug.cfs_rq:/.load_avg.0,789
sched_debug.cfs_rq:/.runnable_load_avg.0,9
sched_debug.cfs_rq:/.util_avg.0,244
sched_debug.cfs_rq:/.util_est_enqueued.0,0
sched_debug.rt_rq:.rt_runtime.0,950.0
sched_debug.dl_rq:.dl_bw->bw.0,996147
sched_debug.cpu.nr_running.1,2
sched_debug.cpu.load.1,23147309
sched_debug.cpu.nr_switches.1,1413402
sched_debug.cpu.nr_load_updates.1,264175
sched_debug.cpu.nr_uninterruptible.1,1
sched_debug.cpu.next_balance.1,4296.14849175
sched_debug.cpu.curr->pid.1,9770
sched_debug.cpu.clock.1,5025063.7033767495
sched_debug.cpu.clock_task.1,5025063.7033767495
sched_debug.cpu.cpu_load[0].1,1
sched_debug.cpu.cpu_load[1].1,47
sched_debug.cpu.cpu_load[2].1,170
sched_debug.cpu.cpu_load[3].1,301
sched_debug.cpu.cpu_load[4].1,361
sched_debug.cpu.avg_idle.1,831064
sched_debug.cpu.max_idle_balance_cost.1,500000
sched_debug.cfs_rq:/.MIN_vruntime.1,1.0e-06
sched_debug.cfs_rq:/.min_vruntime.1,198946.07706049999
sched_debug.cfs_rq:/.max_vruntime.1,1.0e-06
sched_debug.cfs_rq:/.spread0.1,-1883.0408535
sched_debug.cfs_rq:/.nr_running.1,0
sched_debug.cfs_rq:/.load.1,208492
sched_debug.cfs_rq:/.runnable_weight.1,176588
sched_debug.cfs_rq:/.load_avg.1,2827
sched_debug.cfs_rq:/.runnable_load_avg.1,176
sched_debug.cfs_rq:/.util_avg.1,414
sched_debug.cfs_rq:/.util_est_enqueued.1,183
sched_debug.rt_rq:.rt_runtime.1,950.0
sched_debug.dl_rq:.dl_bw->bw.1,996147
sched_debug.cpu.nr_running.2,1
sched_debug.cpu.load.2,272469
sched_debug.cpu.nr_switches.2,1261401
sched_debug.cpu.nr_load_updates.2,273895
sched_debug.cpu.nr_uninterruptible.2,16
sched_debug.cpu.next_balance.2,4296.1484855
sched_debug.cpu.curr->pid.2,10553
sched_debug.cpu.clock.2,5025064.99767525
sched_debug.cpu.clock_task.2,5025064.99767525
sched_debug.cpu.cpu_load[0].2,232
sched_debug.cpu.cpu_load[1].2,230
sched_debug.cpu.cpu_load[2].2,167
sched_debug.cpu.cpu_load[3].2,117
sched_debug.cpu.cpu_load[4].2,92
sched_debug.cpu.avg_idle.2,819740
sched_debug.cpu.max_idle_balance_cost.2,500000
sched_debug.cfs_rq:/.MIN_vruntime.2,1.0e-06
sched_debug.cfs_rq:/.min_vruntime.2,235511.6550025
sched_debug.cfs_rq:/.max_vruntime.2,1.0e-06
sched_debug.cfs_rq:/.spread0.2,34681.181915
sched_debug.cfs_rq:/.nr_running.2,0
sched_debug.cfs_rq:/.load.2,342465
sched_debug.cfs_rq:/.runnable_weight.2,273818
sched_debug.cfs_rq:/.load_avg.2,456
sched_debug.cfs_rq:/.runnable_load_avg.2,62
sched_debug.cfs_rq:/.util_avg.2,412
sched_debug.cfs_rq:/.util_est_enqueued.2,31
sched_debug.rt_rq:.rt_runtime.2,950.0
sched_debug.dl_rq:.dl_bw->bw.2,996147
sched_debug.cpu.nr_running.3,0
sched_debug.cpu.load.3,299788
sched_debug.cpu.nr_switches.3,1654422
sched_debug.cpu.nr_load_updates.3,299509
sched_debug.cpu.nr_uninterruptible.3,4
sched_debug.cpu.next_balance.3,4296.14850975
sched_debug.cpu.curr->pid.3,11726
sched_debug.cpu.clock.3,5025068.0425945
sched_debug.cpu.clock_task.3,5025068.0425945
sched_debug.cpu.cpu_load[0].3,237
sched_debug.cpu.cpu_load[1].3,228
sched_debug.cpu.cpu_load[2].3,174
sched_debug.cpu.cpu_load[3].3,186
sched_debug.cpu.cpu_load[4].3,243
sched_debug.cpu.avg_idle.3,845809
sched_debug.cpu.max_idle_balance_cost.3,500000
sched_debug.cfs_rq:/.MIN_vruntime.3,1.0e-06
sched_debug.cfs_rq:/.min_vruntime.3,191662.7189795
sched_debug.cfs_rq:/.max_vruntime.3,1.0e-06
sched_debug.cfs_rq:/.spread0.3,-9168.72184675
sched_debug.cfs_rq:/.nr_running.3,0
sched_debug.cfs_rq:/.load.3,299788
sched_debug.cfs_rq:/.runnable_weight.3,232814
sched_debug.cfs_rq:/.load_avg.3,5201
sched_debug.cfs_rq:/.runnable_load_avg.3,229
sched_debug.cfs_rq:/.util_avg.3,611
sched_debug.cfs_rq:/.util_est_enqueued.3,274
sched_debug.rt_rq:.rt_runtime.3,950.0
sched_debug.dl_rq:.dl_bw->bw.3,996147
sched_debug.cpu.nr_running.max,3.25
sched_debug.cpu.nr_running.min,0.25
sched_debug.cpu.nr_running.avg,1.1875
sched_debug.cpu.nr_running.stddev,1.3019824798818986
sched_debug.cpu.load.max,23304033.25
sched_debug.cpu.load.min,38408.75
sched_debug.cpu.load.avg,5949815.125
sched_debug.cpu.load.stddev,10055306.969896508
sched_debug.cpu.nr_switches.max,1654422.0
sched_debug.cpu.nr_switches.min,1261401.25
sched_debug.cpu.nr_switches.avg,1414826.625
sched_debug.cpu.nr_switches.stddev,148611.48754567004
sched_debug.cpu.nr_load_updates.max,299509.5
sched_debug.cpu.nr_load_updates.min,258604.5
sched_debug.cpu.nr_load_updates.avg,274046.0
sched_debug.cpu.nr_load_updates.stddev,15688.377107561786
sched_debug.cpu.nr_uninterruptible.max,16.25
sched_debug.cpu.nr_uninterruptible.min,-0.5
sched_debug.cpu.nr_uninterruptible.avg,5.8125
sched_debug.cpu.nr_uninterruptible.stddev,6.627727491268854
sched_debug.cpu.next_balance.max,4296.14851025
sched_debug.cpu.next_balance.min,4296.148485
sched_debug.cpu.next_balance.avg,4296.14849375
sched_debug.cpu.next_balance.stddev,1.0555141353845693e-05
sched_debug.cpu.curr->pid.max,15842.0
sched_debug.cpu.curr->pid.min,3515.75
sched_debug.cpu.curr->pid.avg,8893.875
sched_debug.cpu.curr->pid.stddev,5569.036009821119
sched_debug.cpu.clock.max,5025068.0425945
sched_debug.cpu.clock.min,5025059.89162275
sched_debug.cpu.clock.avg,5025064.158817313
sched_debug.cpu.clock.stddev,2.9492727802813343
sched_debug.cpu.clock_task.max,5025068.0425945
sched_debug.cpu.clock_task.min,5025059.89162275
sched_debug.cpu.clock_task.avg,5025064.158817313
sched_debug.cpu.clock_task.stddev,2.9492727802813343
sched_debug.cpu.cpu_load[0].max,458.0
sched_debug.cpu.cpu_load[0].avg,122.375
sched_debug.cpu.cpu_load[0].stddev,195.23339113692478
sched_debug.cpu.cpu_load[1].max,417.25
sched_debug.cpu.cpu_load[1].min,13.25
sched_debug.cpu.cpu_load[1].avg,156.75
sched_debug.cpu.cpu_load[1].stddev,160.85583825411422
sched_debug.cpu.cpu_load[2].max,368.5
sched_debug.cpu.cpu_load[2].min,22.25
sched_debug.cpu.cpu_load[2].avg,161.9375
sched_debug.cpu.cpu_load[2].stddev,138.91712255773302
sched_debug.cpu.cpu_load[3].max,463.75
sched_debug.cpu.cpu_load[3].min,32.75
sched_debug.cpu.cpu_load[3].avg,181.875
sched_debug.cpu.cpu_load[3].stddev,171.00641483968457
sched_debug.cpu.cpu_load[4].max,546.5
sched_debug.cpu.cpu_load[4].min,31.75
sched_debug.cpu.cpu_load[4].avg,198.125
sched_debug.cpu.cpu_load[4].stddev,215.8374894725286
sched_debug.cpu.avg_idle.max,950426.5
sched_debug.cpu.avg_idle.min,738952.75
sched_debug.cpu.avg_idle.avg,855757.125
sched_debug.cpu.avg_idle.stddev,81363.81215321807
sched_debug.cpu.max_idle_balance_cost.max,500000.0
sched_debug.cpu.max_idle_balance_cost.min,500000.0
sched_debug.cpu.max_idle_balance_cost.avg,500000.0
sched_debug.cfs_rq:/.MIN_vruntime.max,1.0e-06
sched_debug.cfs_rq:/.MIN_vruntime.min,1.0e-06
sched_debug.cfs_rq:/.MIN_vruntime.avg,1.0e-06
sched_debug.cfs_rq:/.min_vruntime.max,235511.6550025
sched_debug.cfs_rq:/.min_vruntime.min,191662.7189795
sched_debug.cfs_rq:/.min_vruntime.avg,206737.1680976875
sched_debug.cfs_rq:/.min_vruntime.stddev,16973.51221048632
sched_debug.cfs_rq:/.max_vruntime.max,1.0e-06
sched_debug.cfs_rq:/.max_vruntime.min,1.0e-06
sched_debug.cfs_rq:/.max_vruntime.avg,1.0e-06
sched_debug.cfs_rq:/.spread0.max,34681.181915
sched_debug.cfs_rq:/.spread0.min,-9168.72184675
sched_debug.cfs_rq:/.spread0.avg,5907.3548036875
sched_debug.cfs_rq:/.spread0.stddev,16973.380004383012
sched_debug.cfs_rq:/.nr_running.max,1.0
sched_debug.cfs_rq:/.nr_running.min,0.25
sched_debug.cfs_rq:/.nr_running.avg,0.5625
sched_debug.cfs_rq:/.nr_running.stddev,0.3582531754730548
sched_debug.cfs_rq:/.load.max,573840.0
sched_debug.cfs_rq:/.load.min,38408.75
sched_debug.cfs_rq:/.load.avg,232609.8125
sched_debug.cfs_rq:/.load.stddev,224385.8915791986
sched_debug.cfs_rq:/.runnable_weight.max,485476.5
sched_debug.cfs_rq:/.runnable_weight.min,9066.5
sched_debug.cfs_rq:/.runnable_weight.avg,173071.9375
sched_debug.cfs_rq:/.runnable_weight.stddev,200613.32161723787
sched_debug.cfs_rq:/.load_avg.max,7411.75
sched_debug.cfs_rq:/.load_avg.min,249.0
sched_debug.cfs_rq:/.load_avg.avg,2318.6875
sched_debug.cfs_rq:/.load_avg.stddev,2961.1144531120603
sched_debug.cfs_rq:/.runnable_load_avg.max,405.5
sched_debug.cfs_rq:/.runnable_load_avg.min,8.75
sched_debug.cfs_rq:/.runnable_load_avg.avg,119.125
sched_debug.cfs_rq:/.runnable_load_avg.stddev,167.36980392329716
sched_debug.cfs_rq:/.util_avg.max,826.25
sched_debug.cfs_rq:/.util_avg.min,230.0
sched_debug.cfs_rq:/.util_avg.avg,420.625
sched_debug.cfs_rq:/.util_avg.stddev,240.48127149845746
sched_debug.cfs_rq:/.util_est_enqueued.max,457.5
sched_debug.cfs_rq:/.util_est_enqueued.min,0.25
sched_debug.cfs_rq:/.util_est_enqueued.avg,122.25
sched_debug.cfs_rq:/.util_est_enqueued.stddev,194.28736530262915
sched_debug.rt_rq:.rt_runtime.max,950.0
sched_debug.rt_rq:.rt_runtime.min,950.0
sched_debug.rt_rq:.rt_runtime.avg,950.0
sched_debug.dl_rq:.dl_bw->bw.max,996147.0
sched_debug.dl_rq:.dl_bw->bw.min,996147.0
sched_debug.dl_rq:.dl_bw->bw.avg,996147.0
uptime.boot,5124.22
uptime.idle,17857.18
fsmark.time.user_time,2.93
fsmark.time.system_time,23.92
fsmark.time.percent_of_cpu_this_job_got,14
fsmark.time.elapsed_time,188.17
fsmark.time.elapsed_time.max,188.17
fsmark.time.maximum_resident_set_size,3208
fsmark.time.minor_page_faults,44849
fsmark.time.voluntary_context_switches,388128
fsmark.time.involuntary_context_switches,40261
fsmark.time.file_system_inputs,4824
fsmark.time.file_system_outputs,819480
fsmark.time.page_size,4096
fsmark.files_per_sec,566.2
fsmark.app_overhead,9193328.0
interrupts.CPU0.0:IO-APIC.2-edge.timer,0
interrupts.0:IO-APIC.2-edge.timer,0
interrupts.CPU2.1:IO-APIC.1-edge.i8042,0
interrupts.1:IO-APIC.1-edge.i8042,0
interrupts.CPU1.12:IO-APIC.12-edge.i8042,0
interrupts.12:IO-APIC.12-edge.i8042,0
interrupts.CPU3.15:IO-APIC.15-edge.ata_piix,188
interrupts.15:IO-APIC.15-edge.ata_piix,188
interrupts.CPU1.18:IO-APIC.18-fasteoi.vmwgfx,3
interrupts.CPU2.18:IO-APIC.18-fasteoi.vmwgfx,0
interrupts.18:IO-APIC.18-fasteoi.vmwgfx,3
interrupts.CPU3.19:IO-APIC.19-fasteoi.enp0s3,259
interrupts.19:IO-APIC.19-fasteoi.enp0s3,259
interrupts.CPU1.20:IO-APIC.20-fasteoi.vboxguest,0
interrupts.20:IO-APIC.20-fasteoi.vboxguest,0
interrupts.CPU0.21:IO-APIC.21-fasteoi.ahci[0000:00:0d.0],snd_intel8x0,0
interrupts.CPU2.21:IO-APIC.21-fasteoi.ahci[0000:00:0d.0],snd_intel8x0,93997
interrupts.21:IO-APIC.21-fasteoi.ahci[0000:00:0d.0],snd_intel8x0,93997
interrupts.CPU0.22:IO-APIC.22-fasteoi.ohci_hcd:usb1,0
interrupts.22:IO-APIC.22-fasteoi.ohci_hcd:usb1,0
interrupts.CPU0.LOC:Local_timer_interrupts,37524
interrupts.CPU1.LOC:Local_timer_interrupts,36638
interrupts.CPU2.LOC:Local_timer_interrupts,39102
interrupts.CPU3.LOC:Local_timer_interrupts,32330
interrupts.LOC:Local_timer_interrupts,145594
interrupts.CPU0.RES:Rescheduling_interrupts,36436
interrupts.CPU1.RES:Rescheduling_interrupts,37689
interrupts.CPU2.RES:Rescheduling_interrupts,29710
interrupts.CPU3.RES:Rescheduling_interrupts,35946
interrupts.RES:Rescheduling_interrupts,139781
interrupts.CPU0.CAL:Function_call_interrupts,85773
interrupts.CPU1.CAL:Function_call_interrupts,61113
interrupts.CPU2.CAL:Function_call_interrupts,73526
interrupts.CPU3.CAL:Function_call_interrupts,62267
interrupts.CAL:Function_call_interrupts,282679
interrupts.CPU0.TLB:TLB_shootdowns,116
interrupts.CPU1.TLB:TLB_shootdowns,202
interrupts.CPU2.TLB:TLB_shootdowns,209
interrupts.CPU3.TLB:TLB_shootdowns,148
interrupts.TLB:TLB_shootdowns,675
interrupts.CPU0.MCP:Machine_check_polls,1
interrupts.CPU1.MCP:Machine_check_polls,1
interrupts.CPU2.MCP:Machine_check_polls,1
interrupts.CPU3.MCP:Machine_check_polls,1
interrupts.MCP:Machine_check_polls,4
time.user_time,2.93
time.system_time,23.92
time.percent_of_cpu_this_job_got,14
time.elapsed_time,188.17
time.elapsed_time.max,188.17
time.maximum_resident_set_size,3208
time.minor_page_faults,44849
time.voluntary_context_switches,388128
time.involuntary_context_switches,40261
time.file_system_inputs,4824
time.file_system_outputs,819480
time.page_size,4096
dmesg.timestamp:last,4934.963682
vmstat.procs.r,1
vmstat.procs.b,6
vmstat.memory.free,10784515
vmstat.memory.buff,353764
vmstat.memory.cache,4477608
vmstat.io.bi,12
vmstat.io.bo,17012
vmstat.system.in,3489
vmstat.system.cs,5647
vmstat.cpu.us,1
vmstat.cpu.sy,7
vmstat.cpu.id,34
vmstat.cpu.wa,57
iostat.cpu.user,1.411315789473684
iostat.cpu.nice,0.00047368421052631577
iostat.cpu.system,7.535105263157895
iostat.cpu.iowait,57.08247368421053
iostat.cpu.idle,33.97042105263158
proc-vmstat.nr_free_pages,2696258
proc-vmstat.nr_zone_inactive_anon,2396
proc-vmstat.nr_zone_active_anon,155427
proc-vmstat.nr_zone_inactive_file,805532
proc-vmstat.nr_zone_active_file,273597
proc-vmstat.nr_zone_unevictable,8
proc-vmstat.nr_zone_write_pending,1015
proc-vmstat.nr_mlock,8
proc-vmstat.nr_page_table_pages,8005
proc-vmstat.nr_kernel_stack,8567
proc-vmstat.numa_hit,660831
proc-vmstat.numa_interleave,0
proc-vmstat.numa_local,660831
proc-vmstat.nr_inactive_anon,2396
proc-vmstat.nr_active_anon,155427
proc-vmstat.nr_inactive_file,805532
proc-vmstat.nr_active_file,273597
proc-vmstat.nr_unevictable,8
proc-vmstat.nr_slab_reclaimable,125896
proc-vmstat.nr_slab_unreclaimable,12350
proc-vmstat.nr_anon_pages,155210
proc-vmstat.nr_mapped,58382
proc-vmstat.nr_file_pages,1081755
proc-vmstat.nr_dirty,1014
proc-vmstat.nr_writeback,3
proc-vmstat.nr_shmem,2625
proc-vmstat.nr_dirtied,473551
proc-vmstat.nr_written,473327
proc-vmstat.nr_dirty_threshold,746534
proc-vmstat.nr_dirty_background_threshold,372810
proc-vmstat.pgpgin,2412
proc-vmstat.pgpgout,3230256
proc-vmstat.pgalloc_dma,0
proc-vmstat.pgalloc_dma32,0
proc-vmstat.pgalloc_normal,669173
proc-vmstat.pgfree,535762
proc-vmstat.pgactivate,72
proc-vmstat.pgdeactivate,0
proc-vmstat.pgfault,365229
proc-vmstat.pgmajfault,0
proc-vmstat.pgrotated,57
proc-vmstat.unevictable_pgs_culled,0
proc-vmstat.unevictable_pgs_rescued,0
proc-vmstat.unevictable_pgs_mlocked,0
proc-vmstat.unevictable_pgs_munlocked,0
slabinfo.rpc_inode_cache.active_objs,25
slabinfo.rpc_inode_cache.num_objs,25
slabinfo.rpc_inode_cache.active_slabs,1
slabinfo.rpc_inode_cache.num_slabs,1
slabinfo.ext4_groupinfo_4k.active_objs,504
slabinfo.ext4_groupinfo_4k.num_objs,504
slabinfo.ext4_groupinfo_4k.active_slabs,18
slabinfo.ext4_groupinfo_4k.num_slabs,18
slabinfo.RAWv6.active_objs,84
slabinfo.RAWv6.num_objs,84
slabinfo.RAWv6.active_slabs,3
slabinfo.RAWv6.num_slabs,3
slabinfo.UDPv6.active_objs,100
slabinfo.UDPv6.num_objs,100
slabinfo.UDPv6.active_slabs,4
slabinfo.UDPv6.num_slabs,4
slabinfo.TCPv6.active_objs,52
slabinfo.TCPv6.num_objs,52
slabinfo.TCPv6.active_slabs,4
slabinfo.TCPv6.num_slabs,4
slabinfo.scsi_sense_cache.active_objs,160
slabinfo.scsi_sense_cache.num_objs,160
slabinfo.scsi_sense_cache.active_slabs,5
slabinfo.scsi_sense_cache.num_slabs,5
slabinfo.mqueue_inode_cache.active_objs,18
slabinfo.mqueue_inode_cache.num_objs,18
slabinfo.mqueue_inode_cache.active_slabs,1
slabinfo.mqueue_inode_cache.num_slabs,1
slabinfo.fuse_request.active_objs,40
slabinfo.fuse_request.num_objs,40
slabinfo.fuse_request.active_slabs,2
slabinfo.fuse_request.num_slabs,2
slabinfo.fuse_inode.active_objs,21
slabinfo.fuse_inode.num_objs,21
slabinfo.fuse_inode.active_slabs,1
slabinfo.fuse_inode.num_slabs,1
slabinfo.ecryptfs_headers.active_objs,8
slabinfo.ecryptfs_headers.num_objs,8
slabinfo.ecryptfs_headers.active_slabs,1
slabinfo.ecryptfs_headers.num_slabs,1
slabinfo.ecryptfs_dentry_info_cache.active_objs,128
slabinfo.ecryptfs_dentry_info_cache.num_objs,128
slabinfo.ecryptfs_dentry_info_cache.active_slabs,1
slabinfo.ecryptfs_dentry_info_cache.num_slabs,1
slabinfo.squashfs_inode_cache.active_objs,15180
slabinfo.squashfs_inode_cache.num_objs,15180
slabinfo.squashfs_inode_cache.active_slabs,660
slabinfo.squashfs_inode_cache.num_slabs,660
slabinfo.jbd2_journal_head.active_objs,1582
slabinfo.jbd2_journal_head.num_objs,1582
slabinfo.jbd2_journal_head.active_slabs,46
slabinfo.jbd2_journal_head.num_slabs,46
slabinfo.jbd2_revoke_table_s.active_objs,768
slabinfo.jbd2_revoke_table_s.num_objs,768
slabinfo.jbd2_revoke_table_s.active_slabs,3
slabinfo.jbd2_revoke_table_s.num_slabs,3
slabinfo.ext4_inode_cache.active_objs,236781
slabinfo.ext4_inode_cache.num_objs,236794
slabinfo.ext4_inode_cache.active_slabs,7893
slabinfo.ext4_inode_cache.num_slabs,7893
slabinfo.ext4_allocation_context.active_objs,128
slabinfo.ext4_allocation_context.num_objs,128
slabinfo.ext4_allocation_context.active_slabs,4
slabinfo.ext4_allocation_context.num_slabs,4
slabinfo.ext4_pending_reservation.active_objs,512
slabinfo.ext4_pending_reservation.num_objs,512
slabinfo.ext4_pending_reservation.active_slabs,4
slabinfo.ext4_pending_reservation.num_slabs,4
slabinfo.ext4_extent_status.active_objs,414124
slabinfo.ext4_extent_status.num_objs,414602
slabinfo.ext4_extent_status.active_slabs,4064
slabinfo.ext4_extent_status.num_slabs,4064
slabinfo.mbcache.active_objs,876
slabinfo.mbcache.num_objs,876
slabinfo.mbcache.active_slabs,12
slabinfo.mbcache.num_slabs,12
slabinfo.fscrypt_info.active_objs,1856
slabinfo.fscrypt_info.num_objs,1856
slabinfo.fscrypt_info.active_slabs,29
slabinfo.fscrypt_info.num_slabs,29
slabinfo.fscrypt_ctx.active_objs,340
slabinfo.fscrypt_ctx.num_objs,340
slabinfo.fscrypt_ctx.active_slabs,4
slabinfo.fscrypt_ctx.num_slabs,4
slabinfo.dnotify_struct.active_objs,128
slabinfo.dnotify_struct.num_objs,128
slabinfo.dnotify_struct.active_slabs,1
slabinfo.dnotify_struct.num_slabs,1
slabinfo.posix_timers_cache.active_objs,51
slabinfo.posix_timers_cache.num_objs,51
slabinfo.posix_timers_cache.active_slabs,3
slabinfo.posix_timers_cache.num_slabs,3
slabinfo.UNIX.active_objs,666
slabinfo.UNIX.num_objs,688
slabinfo.UNIX.active_slabs,43
slabinfo.UNIX.num_slabs,43
slabinfo.xfrm_dst_cache.active_objs,1025
slabinfo.xfrm_dst_cache.num_objs,1125
slabinfo.xfrm_dst_cache.active_slabs,45
slabinfo.xfrm_dst_cache.num_slabs,45
slabinfo.RAW.active_objs,51
slabinfo.RAW.num_objs,51
slabinfo.RAW.active_slabs,3
slabinfo.RAW.num_slabs,3
slabinfo.tw_sock_TCP.active_objs,17
slabinfo.tw_sock_TCP.num_objs,17
slabinfo.tw_sock_TCP.active_slabs,1
slabinfo.tw_sock_TCP.num_slabs,1
slabinfo.request_sock_TCP.active_objs,26
slabinfo.request_sock_TCP.num_objs,26
slabinfo.request_sock_TCP.active_slabs,1
slabinfo.request_sock_TCP.num_slabs,1
slabinfo.TCP.active_objs,60
slabinfo.TCP.num_objs,60
slabinfo.TCP.active_slabs,4
slabinfo.TCP.num_slabs,4
slabinfo.hugetlbfs_inode_cache.active_objs,26
slabinfo.hugetlbfs_inode_cache.num_objs,26
slabinfo.hugetlbfs_inode_cache.active_slabs,1
slabinfo.hugetlbfs_inode_cache.num_slabs,1
slabinfo.dquot.active_objs,395
slabinfo.dquot.num_objs,408
slabinfo.dquot.active_slabs,25
slabinfo.dquot.num_slabs,25
slabinfo.eventpoll_pwq.active_objs,728
slabinfo.eventpoll_pwq.num_objs,728
slabinfo.eventpoll_pwq.active_slabs,13
slabinfo.eventpoll_pwq.num_slabs,13
slabinfo.dax_cache.active_objs,42
slabinfo.dax_cache.num_objs,42
slabinfo.dax_cache.active_slabs,2
slabinfo.dax_cache.num_slabs,2
slabinfo.request_queue.active_objs,60
slabinfo.request_queue.num_objs,60
slabinfo.request_queue.active_slabs,4
slabinfo.request_queue.num_slabs,4
slabinfo.biovec-max.active_objs,106
slabinfo.biovec-max.num_objs,117
slabinfo.biovec-max.active_slabs,29
slabinfo.biovec-max.num_slabs,29
slabinfo.biovec-128.active_objs,144
slabinfo.biovec-128.num_objs,144
slabinfo.biovec-128.active_slabs,9
slabinfo.biovec-128.num_slabs,9
slabinfo.biovec-64.active_objs,64
slabinfo.biovec-64.num_objs,64
slabinfo.biovec-64.active_slabs,4
slabinfo.biovec-64.num_slabs,4
slabinfo.dmaengine-unmap-256.active_objs,15
slabinfo.dmaengine-unmap-256.num_objs,15
slabinfo.dmaengine-unmap-256.active_slabs,1
slabinfo.dmaengine-unmap-256.num_slabs,1
slabinfo.dmaengine-unmap-128.active_objs,30
slabinfo.dmaengine-unmap-128.num_objs,30
slabinfo.dmaengine-unmap-128.active_slabs,1
slabinfo.dmaengine-unmap-128.num_slabs,1
slabinfo.dmaengine-unmap-16.active_objs,84
slabinfo.dmaengine-unmap-16.num_objs,84
slabinfo.dmaengine-unmap-16.active_slabs,4
slabinfo.dmaengine-unmap-16.num_slabs,4
slabinfo.dmaengine-unmap-2.active_objs,189258
slabinfo.dmaengine-unmap-2.num_objs,189303
slabinfo.dmaengine-unmap-2.active_slabs,2957
slabinfo.dmaengine-unmap-2.num_slabs,2957
slabinfo.sock_inode_cache.active_objs,875
slabinfo.sock_inode_cache.num_objs,875
slabinfo.sock_inode_cache.active_slabs,35
slabinfo.sock_inode_cache.num_slabs,35
slabinfo.skbuff_ext_cache.active_objs,128
slabinfo.skbuff_ext_cache.num_objs,128
slabinfo.skbuff_ext_cache.active_slabs,4
slabinfo.skbuff_ext_cache.num_slabs,4
slabinfo.skbuff_fclone_cache.active_objs,240
slabinfo.skbuff_fclone_cache.num_objs,240
slabinfo.skbuff_fclone_cache.active_slabs,15
slabinfo.skbuff_fclone_cache.num_slabs,15
slabinfo.skbuff_head_cache.active_objs,336
slabinfo.skbuff_head_cache.num_objs,384
slabinfo.skbuff_head_cache.active_slabs,24
slabinfo.skbuff_head_cache.num_slabs,24
slabinfo.file_lock_cache.active_objs,72
slabinfo.file_lock_cache.num_objs,72
slabinfo.file_lock_cache.active_slabs,4
slabinfo.file_lock_cache.num_slabs,4
slabinfo.net_namespace.active_objs,10
slabinfo.net_namespace.num_objs,10
slabinfo.net_namespace.active_slabs,2
slabinfo.net_namespace.num_slabs,2
slabinfo.shmem_inode_cache.active_objs,1564
slabinfo.shmem_inode_cache.num_objs,1564
slabinfo.shmem_inode_cache.active_slabs,68
slabinfo.shmem_inode_cache.num_slabs,68
slabinfo.task_delay_info.active_objs,1224
slabinfo.task_delay_info.num_objs,1224
slabinfo.task_delay_info.active_slabs,24
slabinfo.task_delay_info.num_slabs,24
slabinfo.taskstats.active_objs,92
slabinfo.taskstats.num_objs,92
slabinfo.taskstats.active_slabs,4
slabinfo.taskstats.num_slabs,4
slabinfo.proc_dir_entry.active_objs,756
slabinfo.proc_dir_entry.num_objs,756
slabinfo.proc_dir_entry.active_slabs,36
slabinfo.proc_dir_entry.num_slabs,36
slabinfo.pde_opener.active_objs,408
slabinfo.pde_opener.num_objs,408
slabinfo.pde_opener.active_slabs,4
slabinfo.pde_opener.num_slabs,4
slabinfo.proc_inode_cache.active_objs,9358
slabinfo.proc_inode_cache.num_objs,9552
slabinfo.proc_inode_cache.active_slabs,398
slabinfo.proc_inode_cache.num_slabs,398
slabinfo.bdev_cache.active_objs,76
slabinfo.bdev_cache.num_objs,76
slabinfo.bdev_cache.active_slabs,4
slabinfo.bdev_cache.num_slabs,4
slabinfo.kernfs_node_cache.active_objs,27360
slabinfo.kernfs_node_cache.num_objs,27360
slabinfo.kernfs_node_cache.active_slabs,912
slabinfo.kernfs_node_cache.num_slabs,912
slabinfo.mnt_cache.active_objs,903
slabinfo.mnt_cache.num_objs,903
slabinfo.mnt_cache.active_slabs,43
slabinfo.mnt_cache.num_slabs,43
slabinfo.filp.active_objs,7699
slabinfo.filp.num_objs,8855
slabinfo.filp.active_slabs,553
slabinfo.filp.num_slabs,553
slabinfo.inode_cache.active_objs,22086
slabinfo.inode_cache.num_objs,22086
slabinfo.inode_cache.active_slabs,818
slabinfo.inode_cache.num_slabs,818
slabinfo.dentry.active_objs,299655
slabinfo.dentry.num_objs,299798
slabinfo.dentry.active_slabs,14276
slabinfo.dentry.num_slabs,14276
slabinfo.names_cache.active_objs,87
slabinfo.names_cache.num_objs,105
slabinfo.names_cache.active_slabs,13
slabinfo.names_cache.num_slabs,13
slabinfo.lsm_file_cache.active_objs,8840
slabinfo.lsm_file_cache.num_objs,8840
slabinfo.lsm_file_cache.active_slabs,52
slabinfo.lsm_file_cache.num_slabs,52
slabinfo.buffer_head.active_objs,914874
slabinfo.buffer_head.num_objs,950485
slabinfo.buffer_head.active_slabs,24371
slabinfo.buffer_head.num_slabs,24371
slabinfo.nsproxy.active_objs,292
slabinfo.nsproxy.num_objs,292
slabinfo.nsproxy.active_slabs,4
slabinfo.nsproxy.num_slabs,4
slabinfo.vm_area_struct.active_objs,25947
slabinfo.vm_area_struct.num_objs,25977
slabinfo.vm_area_struct.active_slabs,1367
slabinfo.vm_area_struct.num_slabs,1367
slabinfo.mm_struct.active_objs,359
slabinfo.mm_struct.num_objs,359
slabinfo.mm_struct.active_slabs,11
slabinfo.mm_struct.num_slabs,11
slabinfo.files_cache.active_objs,406
slabinfo.files_cache.num_objs,406
slabinfo.files_cache.active_slabs,17
slabinfo.files_cache.num_slabs,17
slabinfo.signal_cache.active_objs,630
slabinfo.signal_cache.num_objs,630
slabinfo.signal_cache.active_slabs,21
slabinfo.signal_cache.num_slabs,21
slabinfo.sighand_cache.active_objs,419
slabinfo.sighand_cache.num_objs,419
slabinfo.sighand_cache.active_slabs,27
slabinfo.sighand_cache.num_slabs,27
slabinfo.task_struct.active_objs,558
slabinfo.task_struct.num_objs,605
slabinfo.task_struct.active_slabs,121
slabinfo.task_struct.num_slabs,121
slabinfo.cred_jar.active_objs,1321
slabinfo.cred_jar.num_objs,1321
slabinfo.cred_jar.active_slabs,62
slabinfo.cred_jar.num_slabs,62
slabinfo.anon_vma_chain.active_objs,15160
slabinfo.anon_vma_chain.num_objs,15213
slabinfo.anon_vma_chain.active_slabs,237
slabinfo.anon_vma_chain.num_slabs,237
slabinfo.anon_vma.active_objs,8760
slabinfo.anon_vma.num_objs,9200
slabinfo.anon_vma.active_slabs,200
slabinfo.anon_vma.num_slabs,200
slabinfo.pid.active_objs,1376
slabinfo.pid.num_objs,1376
slabinfo.pid.active_slabs,43
slabinfo.pid.num_slabs,43
slabinfo.Acpi-Operand.active_objs,1736
slabinfo.Acpi-Operand.num_objs,1736
slabinfo.Acpi-Operand.active_slabs,31
slabinfo.Acpi-Operand.num_slabs,31
slabinfo.Acpi-ParseExt.active_objs,312
slabinfo.Acpi-ParseExt.num_objs,312
slabinfo.Acpi-ParseExt.active_slabs,8
slabinfo.Acpi-ParseExt.num_slabs,8
slabinfo.Acpi-State.active_objs,408
slabinfo.Acpi-State.num_objs,408
slabinfo.Acpi-State.active_slabs,8
slabinfo.Acpi-State.num_slabs,8
slabinfo.Acpi-Namespace.active_objs,612
slabinfo.Acpi-Namespace.num_objs,612
slabinfo.Acpi-Namespace.active_slabs,6
slabinfo.Acpi-Namespace.num_slabs,6
slabinfo.numa_policy.active_objs,31
slabinfo.numa_policy.num_objs,31
slabinfo.numa_policy.active_slabs,1
slabinfo.numa_policy.num_slabs,1
slabinfo.trace_event_file.active_objs,1610
slabinfo.trace_event_file.num_objs,1610
slabinfo.trace_event_file.active_slabs,35
slabinfo.trace_event_file.num_slabs,35
slabinfo.ftrace_event_field.active_objs,3910
slabinfo.ftrace_event_field.num_objs,3910
slabinfo.ftrace_event_field.active_slabs,46
slabinfo.ftrace_event_field.num_slabs,46
slabinfo.pool_workqueue.active_objs,749
slabinfo.pool_workqueue.num_objs,813
slabinfo.pool_workqueue.active_slabs,50
slabinfo.pool_workqueue.num_slabs,50
slabinfo.radix_tree_node.active_objs,79026
slabinfo.radix_tree_node.num_objs,79419
slabinfo.radix_tree_node.active_slabs,2836
slabinfo.radix_tree_node.num_slabs,2836
slabinfo.task_group.active_objs,100
slabinfo.task_group.num_objs,100
slabinfo.task_group.active_slabs,4
slabinfo.task_group.num_slabs,4
slabinfo.dma-kmalloc-512.active_objs,16
slabinfo.dma-kmalloc-512.num_objs,16
slabinfo.dma-kmalloc-512.active_slabs,1
slabinfo.dma-kmalloc-512.num_slabs,1
slabinfo.kmalloc-rcl-192.active_objs,42
slabinfo.kmalloc-rcl-192.num_objs,42
slabinfo.kmalloc-rcl-192.active_slabs,2
slabinfo.kmalloc-rcl-192.num_slabs,2
slabinfo.kmalloc-rcl-128.active_objs,768
slabinfo.kmalloc-rcl-128.num_objs,768
slabinfo.kmalloc-rcl-128.active_slabs,24
slabinfo.kmalloc-rcl-128.num_slabs,24
slabinfo.kmalloc-rcl-96.active_objs,1386
slabinfo.kmalloc-rcl-96.num_objs,1386
slabinfo.kmalloc-rcl-96.active_slabs,33
slabinfo.kmalloc-rcl-96.num_slabs,33
slabinfo.kmalloc-rcl-64.active_objs,52615
slabinfo.kmalloc-rcl-64.num_objs,52650
slabinfo.kmalloc-rcl-64.active_slabs,822
slabinfo.kmalloc-rcl-64.num_slabs,822
slabinfo.kmalloc-8k.active_objs,140
slabinfo.kmalloc-8k.num_objs,140
slabinfo.kmalloc-8k.active_slabs,35
slabinfo.kmalloc-8k.num_slabs,35
slabinfo.kmalloc-4k.active_objs,959
slabinfo.kmalloc-4k.num_objs,976
slabinfo.kmalloc-4k.active_slabs,122
slabinfo.kmalloc-4k.num_slabs,122
slabinfo.kmalloc-2k.active_objs,976
slabinfo.kmalloc-2k.num_objs,1024
slabinfo.kmalloc-2k.active_slabs,64
slabinfo.kmalloc-2k.num_slabs,64
slabinfo.kmalloc-1k.active_objs,1192
slabinfo.kmalloc-1k.num_objs,1280
slabinfo.kmalloc-1k.active_slabs,80
slabinfo.kmalloc-1k.num_slabs,80
slabinfo.kmalloc-512.active_objs,1691
slabinfo.kmalloc-512.num_objs,1728
slabinfo.kmalloc-512.active_slabs,108
slabinfo.kmalloc-512.num_slabs,108
slabinfo.kmalloc-256.active_objs,768
slabinfo.kmalloc-256.num_objs,768
slabinfo.kmalloc-256.active_slabs,48
slabinfo.kmalloc-256.num_slabs,48
slabinfo.kmalloc-192.active_objs,1617
slabinfo.kmalloc-192.num_objs,1617
slabinfo.kmalloc-192.active_slabs,77
slabinfo.kmalloc-192.num_slabs,77
slabinfo.kmalloc-128.active_objs,1216
slabinfo.kmalloc-128.num_objs,1216
slabinfo.kmalloc-128.active_slabs,38
slabinfo.kmalloc-128.num_slabs,38
slabinfo.kmalloc-96.active_objs,3607
slabinfo.kmalloc-96.num_objs,3669
slabinfo.kmalloc-96.active_slabs,87
slabinfo.kmalloc-96.num_slabs,87
slabinfo.kmalloc-64.active_objs,8224
slabinfo.kmalloc-64.num_objs,8512
slabinfo.kmalloc-64.active_slabs,133
slabinfo.kmalloc-64.num_slabs,133
slabinfo.kmalloc-32.active_objs,7040
slabinfo.kmalloc-32.num_objs,7040
slabinfo.kmalloc-32.active_slabs,55
slabinfo.kmalloc-32.num_slabs,55
slabinfo.kmalloc-16.active_objs,6656
slabinfo.kmalloc-16.num_objs,6656
slabinfo.kmalloc-16.active_slabs,26
slabinfo.kmalloc-16.num_slabs,26
slabinfo.kmalloc-8.active_objs,6144
slabinfo.kmalloc-8.num_objs,6144
slabinfo.kmalloc-8.active_slabs,12
slabinfo.kmalloc-8.num_slabs,12
slabinfo.kmem_cache_node.active_objs,192
slabinfo.kmem_cache_node.num_objs,192
slabinfo.kmem_cache_node.active_slabs,3
slabinfo.kmem_cache_node.num_slabs,3
slabinfo.kmem_cache.active_objs,168
slabinfo.kmem_cache.num_objs,168
slabinfo.kmem_cache.active_slabs,8
slabinfo.kmem_cache.num_slabs,8
mpstat.cpu.all.usr%,1.4076063829787233
mpstat.cpu.all.sys%,5.422074468085106
mpstat.cpu.all.iowait%,57.45627659574468
mpstat.cpu.all.soft%,2.160425531914894
mpstat.cpu.all.idle%,33.55452127659574
meminfo.MemTotal,16422936
meminfo.MemFree,10784661
meminfo.Memused,5638274
meminfo.MemAvailable,15269084
meminfo.Buffers,354100
meminfo.Cached,3973305
meminfo.Active,1715934
meminfo.Inactive,3232078
meminfo.Active(anon),621518
meminfo.Inactive(anon),9584
meminfo.Active(file),1094415
meminfo.Inactive(file),3222494
meminfo.Unevictable,32
meminfo.Mlocked,32
meminfo.SwapTotal,1003516
meminfo.SwapFree,1003516
meminfo.Dirty,4040
meminfo.Writeback,10
meminfo.AnonPages,620632
meminfo.Mapped,232798
meminfo.Shmem,10500
meminfo.KReclaimable,503672
meminfo.Slab,553078
meminfo.SReclaimable,503672
meminfo.SUnreclaim,49405
meminfo.KernelStack,8568
meminfo.PageTables,32018
meminfo.CommitLimit,9214984
meminfo.Committed_AS,3368233
meminfo.VmallocTotal,34359738367
meminfo.Percpu,1232
meminfo.Hugepagesize,2048
meminfo.DirectMap4k,176064
meminfo.DirectMap2M,16601088
meminfo.max_used_kB,32698
